region,pnl_report,net_exposure_report,return_report,currency
HK,-28780676.302394904,8480294477.574214,-0.003393829822596869,HKD
JP,-24048109.093940955,2356384619.12061,-0.010205510975927002,JPY
US,0.0,15091132063.253508,0.0,USD
